school,raw_F_count,raw_M_count,raw_?_count,cc_F_count,cc_M_count,ratio_F,cc_average_degree_F,cc_average_degree_M,cc_homophily_F,cc_homophily_M,cc_homophily_conf_int_l_99_F,cc_homophily_conf_int_u_99_F,cc_homophily_conf_int_l_99_M,cc_homophily_conf_int_u_99_M,cc_homophily_conf_int_l_99_9_F,cc_homophily_conf_int_u_99_9_F,cc_homophily_conf_int_l_99_9_M,cc_homophily_conf_int_u_99_9_M,b0_glm_F,b0_dispmod_glm_F,b0_glm_M,b0_dispmod_glm_M,cc_monophily_F,cc_monophily_M,chi_square_p_value_F,chi_square_p_value_M
USFCA72,1699,808,175,1697,804,0.67852858856457421,47.012374779021805,50.694029850746269,0.66999247931812478,0.35404092448108349,0.66569502434531991,0.67427109727071743,0.34795544504798365,0.36015806193814498,0.66449936793392173,0.67545484586121551,0.34627275764128196,0.36186076122074556,0.66999247931812467,0.67826318331694646,0.35404092448108343,0.36643274906422829,0.06192913468268718,0.0654119838536193,0.0,0.0
American75,3713,2298,375,3705,2289,0.61811811811811812,65.744939271255063,71.0777632153779,0.61041525545497466,0.41672556961714102,0.60786816498782703,0.61295833850768888,0.41357947133369205,0.41987619287426697,0.6071607448018691,0.6136632253263411,0.41270737381469641,0.42075115093846477,0.61041525545497466,0.61253099006034617,0.41672556962108198,0.4252750070503945,0.053439242532975266,0.049852094388873426,0.0,0.0
USF51,7377,5327,673,7367,5320,0.58067312997556553,46.83100312203068,48.299248120300753,0.54092126468098922,0.38360471994769452,0.53873542785911421,0.54310605289728808,0.38113579491598365,0.38607764967263175,0.53812876149794975,0.54371205635203046,0.38045148260100192,0.3867644936350117,0.54092126467340262,0.55347406412204525,0.38360471994769457,0.40972800184095637,0.0912111032968781,0.07406717546088025,0.0,0.0
Tulane29,3787,3412,553,3782,3404,0.52630114110770942,78.534108937070329,63.445358401880142,0.62144800280119594,0.47938583493850939,0.61915379756593425,0.62373859313120161,0.47661727801209119,0.48215523570749413,0.61851660963968924,0.62437349581963741,0.47584927268131394,0.48292377450700352,0.62144800280119594,0.6043331375612524,0.47938583493852688,0.49320378338503174,0.07995550478020416,0.07218465180429154,0.0,0.0
BC17,5633,5066,810,5624,5061,0.52634534394010291,83.180654338549076,80.228413357044062,0.54207709145632399,0.47241131328256608,0.54020036725010545,0.54395302048140237,0.47039352180416966,0.47442970545597762,0.53967951003815751,0.54447337499640625,0.46983377248405112,0.47498983452566695,0.54207709145583871,0.55930372468119016,0.47241131328256708,0.49397908009797314,0.051247552373879034,0.05247775731406914,0.0,0.0
Texas84,17663,16778,1930,17656,16764,0.51295758280069725,90.623244222927056,79.600334049152949,0.57394046663716736,0.48913085835044434,0.57293328608392691,0.57494723864522013,0.48801624662459558,0.49024554208610843,0.57265375911870331,0.57522650733771741,0.48770699696348457,0.49055483727127441,0.57394046659807652,0.57149720724807518,0.4891308583504444,0.49809114790134357,0.06463402353861065,0.06162447279675519,0.0,0.0
Middlebury45,1490,1314,271,1488,1308,0.53218884120171672,77.9375,77.224006116207946,0.5528795992101474,0.48664970448177891,0.54911692656070776,0.55663824078810209,0.4825994489337202,0.49070112847884789,0.54807225257902226,0.5576803664500265,0.48147591372949095,0.4918254023866056,0.55287959920983021,0.56318467837653452,0.4866497044817788,0.49084281896479093,0.030864045122051355,0.04068563546701528,0.0,0.0
Vanderbilt48,3838,3585,646,3835,3578,0.5173344125185485,111.23624511082139,88.54751257685858,0.64164973006931691,0.51749399506980243,0.63975717098152973,0.64353935359417869,0.51520704421451513,0.51978045776896298,0.63923154110215796,0.64406312769254936,0.51457242299589401,0.52041477037894757,0.64164973006931691,0.63211978015769976,0.51749399506980243,0.53545574061703105,0.07152556367489259,0.05831476680063591,0.0,0.0
Syracuse56,7089,5611,953,7081,5610,0.55795445591363957,81.919785341053526,69.118003565062395,0.62430655399138724,0.4379655037240297,0.62266769709478631,0.62594351636984558,0.43591391653397332,0.44001850529624803,0.62221264270892351,0.62639737309102062,0.43534493492614246,0.44058838104237219,0.62430655399138724,0.61132022463394287,0.4379655037290287,0.45926697564214497,0.0755923638490811,0.06356788499207043,0.0,0.0
Yale4,3657,3970,951,3639,3953,0.47932033719704953,92.964550700741967,91.069567417151532,0.5033845899177648,0.53331962955349754,0.50117030263401663,0.50559878875345521,0.53117747131968074,0.5354609695347593,0.50055591282973777,0.50621312263325613,0.53058296448056497,0.53605495908988632,0.50338458991776491,0.5101495375588011,0.53331962955345458,0.54279108159018807,0.031023652596958485,0.03928273740477627,0.0,0.0
Indiana69,14872,12759,2116,14858,12754,0.53809937708242794,89.867949925965803,81.048925827191468,0.57023137101593857,0.44485526720570223,0.56912762701763464,0.57133465001139017,0.44359648475107494,0.4461145212884593,0.56882129751956856,0.57164068554545278,0.44324730445552252,0.44646399973681261,0.57023137097989196,0.57410319685395395,0.44485526722314733,0.46164742617844012,0.06767239435049904,0.07105223221051735,0.0,0.0
Amherst41,1015,1017,203,1015,1017,0.49950787401574803,80.501477832512322,74.490658800393319,0.54765080958033996,0.5121110920442995,0.54316323490801877,0.55213322865796222,0.50743261644326787,0.51678815434044201,0.54191725805578728,0.55337594632068909,0.50613434443772787,0.51808553283172043,0.54765080957978629,0.56018854696521692,0.5121110920442995,0.51305150072032579,0.03776731811765726,0.040642558345226544,0.0,0.0
Caltech36,228,475,66,227,472,0.32474964234620884,50.867841409691628,41.057203389830505,0.40720533471897469,0.64678259972134788,0.39546533211825591,0.41901637110749035,0.63790578751188409,0.6555924568033783,0.39222185522550512,0.42230474190431566,0.63543151787120045,0.65802440611448054,0.40720533471978587,0.40882453775217964,0.64678259972134788,0.6513194418804451,0.008850546872425221,0.02724158196902948,6.980257522892774e-05,0.0
Smith60,2603,30,337,2596,29,0.98895238095238092,58.961479198767336,50.137931034482762,0.99082736633042379,0.034387895460797797,0.99018545726976204,0.99144092805510231,0.023463824133170878,0.048136298925095022,0.9900022617741544,0.99160620336847505,0.020907921768752755,0.052467807470938307,0.99082736633023616,0.99107507958732344,0.034387895460797804,0.046172457344227737,0.005230360222100238,0.06719781050787355,0.0,0.0012236767181775798
UC33,8616,7010,1182,8606,7004,0.55131326073030107,62.651986985823847,59.357938320959448,0.57356036818668243,0.44694438631558442,0.57182489880603993,0.57529463143203496,0.44495879132752614,0.44893110952454435,0.57134316065202106,0.57577560709670172,0.44440806866703053,0.449482545420538,0.57356036815577682,0.58262668747748869,0.44694438631631223,0.46201550693291404,0.053039465115916694,0.04479572587449926,0.0,0.0
Michigan23,14043,13742,2362,14024,13709,0.50567915479753367,81.72853679406731,71.717630753519586,0.57302944350750029,0.50224934065788762,0.57183906836561493,0.57421925534680451,0.50095045929961546,0.50354820179027127,0.5715086847817622,0.57454928282388529,0.50059006591162325,0.50390858238990499,0.573029443494948,0.57703808300770754,0.50224934065788762,0.52520680030812483,0.05755129185280378,0.06481126583656605,0.0,0.0
UCLA26,10584,8289,1594,10568,8276,0.56081511356399916,73.689155942467821,70.129168680521985,0.58598235370409146,0.44448464736581844,0.58454416100790496,0.58741957028326763,0.442804979672621,0.44616516069288681,0.58414494509466286,0.58781816911915996,0.44233908787681331,0.44663158707934147,0.58598235365859708,0.5939618270126894,0.44448464736679472,0.45579517812132742,0.04855367441988662,0.047984462942037925,0.0,0.0
Haverford76,732,618,96,732,618,0.54222222222222227,81.311475409836063,78.135922330097088,0.58088037634408596,0.48339131875414182,0.5756649898229661,0.58608374978990618,0.477535331548123,0.48925034660019923,0.57421589910544613,0.58752524644854376,0.47591121337328257,0.49087638704912634,0.58088037634274747,0.58862411343852972,0.48339131875414182,0.48894968161814439,0.01857157693326319,0.03051012234613915,0.0,0.0
Mich67,948,2615,185,947,2609,0.26631046119235097,60.912354804646249,37.070141816788045,0.40964565564107902,0.647896935357128,0.40437860899918471,0.41492654964424086,0.64393424522948572,0.65184610662963816,0.40291977558280728,0.41639413662615615,0.64283240111426976,0.65293940472359291,0.40964565568854439,0.41844639980641729,0.64789693535712811,0.67743652006477706,0.06816608149267735,0.07666843075974472,0.0,0.0
Tennessee95,8403,7549,1027,8395,7544,0.52669552669552666,96.878022632519361,80.150185577942736,0.59671384535178673,0.45755830203438996,0.59531217513657098,0.59811446425524228,0.45590831366371576,0.45920891095257643,0.59492307936063427,0.59850289541768964,0.45545061663128206,0.45966700028227087,0.59671384535178673,0.58966214954486207,0.45755830203523323,0.48063899752550249,0.07862826160447245,0.0611798738754734,0.0,0.0
UPenn7,6539,6767,1610,6521,6741,0.49170562509425425,94.009354393497929,84.463877762943184,0.56206578743464886,0.52848142950729837,0.56043314771333119,0.56369753208898388,0.52677715807300474,0.53018525870493816,0.55997999540608712,0.56415011855560981,0.52630421134535932,0.53065792585815275,0.56206578742988067,0.56017744755325405,0.52848142950729649,0.53770233530578448,0.0470226668305289,0.05449040134730248,0.0,0.0
Vermont70,3978,2770,576,3975,2765,0.58976261127596441,52.077484276729557,47.52405063291139,0.61312606276085957,0.39053605674104286,0.61036637420013395,0.61588092006055573,0.38707307283777709,0.39400640516958335,0.60959982359262654,0.61664441649679946,0.38611356402511987,0.39497056956661603,0.61312606276085946,0.62697231734376557,0.39053605674104291,0.4020961826845233,0.056497458534405506,0.05637800114644854,0.0,0.0
UConn91,8518,7575,1119,8508,7569,0.52920320955402123,70.214268923366248,65.823094200026418,0.5506082362571415,0.46115833525686706,0.54895009527705618,0.55226562828029135,0.45933955355317813,0.46297780619846363,0.54848989337181453,0.55272535671143597,0.45883503603120246,0.46348275944279232,0.55060823625406863,0.56711457637612073,0.46115833525705846,0.4798663549885851,0.061111542795029644,0.06030610592270416,0.0,0.0
UCF52,7897,6573,470,7893,6569,0.54577513483612228,59.64208792601039,53.268229563099403,0.58588437722382125,0.44287963785904738,0.58403436656988805,0.58773277497884313,0.44071739862811293,0.44504332023747767,0.58352077626198051,0.58824534565291697,0.44011772146300976,0.44564390972600432,0.58588437722382125,0.56539656663704463,0.44287963786533885,0.46455867247434252,0.08894796419586462,0.07381310584334846,0.0,0.0
UF21,18074,15005,2044,18064,14990,0.54649966721123011,87.239924712134638,76.05643762508339,0.61411306032989355,0.46660164233224516,0.61311387652005334,0.61511160396928199,0.46539827038798548,0.46780527326280508,0.61283652728942639,0.61538854849963109,0.46506442651761676,0.46813928085928608,0.61411306032989355,0.60353848901546348,0.46660164233238227,0.47822437082020719,0.06801065547675557,0.053576573369611226,0.0,0.0
UC64,3317,3035,481,3305,3023,0.52228192161820486,45.979727685325265,45.211048627191531,0.51308542210932928,0.45861289354883555,0.50978237555922723,0.5163877074008375,0.45514248919450156,0.46208597500744064,0.50886579634426432,0.51730380534299214,0.45418008918233849,0.46305006741717386,0.51308542210932595,0.52103838495936161,0.45861289354911766,0.47672902010593915,0.052505688790930934,0.049833653168888256,0.0,0.0
Princeton12,2736,3144,716,2732,3131,0.46597305133890499,93.652635431918014,78.831363781539437,0.54090729659695369,0.52409640994891038,0.5383689759577801,0.54344420376706448,0.52150664365985056,0.52668531314802425,0.53766444846858386,0.54414783769174369,0.52078794025805453,0.52740347091616702,0.54090729659692494,0.54966594865876439,0.52409640994890427,0.53460273900879296,0.036793247955522544,0.03797734812508035,0.0,0.0
Oklahoma97,8243,8013,1169,8240,8003,0.50729545034784218,111.58725728155339,86.554916906160187,0.61835234953707485,0.49340622694705777,0.61704682801420596,0.6196567331078584,0.49185896377916849,0.49495357426928216,0.61668439417127408,0.6200184475659003,0.49142967336151699,0.49538291789054378,0.61835234953707463,0.59748472726936452,0.49340622694705799,0.50521753615789144,0.0831833957868759,0.060714426978525186,0.0,0.0
Wesleyan43,1684,1503,406,1682,1500,0.52859836580766817,74.62782401902497,68.768000000000001,0.56481629011185108,0.47043198386846596,0.56120956649939968,0.56841844873544345,0.46643029703416239,0.47443620481036675,0.56020806292388525,0.56941706647204571,0.46532047836552121,0.47554762548828811,0.56481629011001244,0.56742602393613861,0.4704319838684663,0.47559820913566297,0.03237406951844271,0.04055334076800531,0.0,0.0
Columbia2,6040,4416,1314,5993,4372,0.5781958514230584,73.444351743700977,73.590576395242451,0.61456951235027912,0.47271382304856746,0.61267874952538515,0.61645797397719815,0.4704470178711605,0.47498137799449619,0.61215373039938836,0.61698153834766523,0.46981820568190669,0.47561066417540959,0.61456951235027901,0.63503551432002048,0.47271382304857235,0.48984975236472039,0.10340002489523031,0.051083884514491966,0.0,0.0
Howard90,2548,1331,168,2546,1331,0.65669331957699251,90.202670856245092,119.74455296769347,0.55253074163096116,0.35522650269795458,0.54985712481621496,0.55520233625759796,0.35214269688933891,0.35831833892924447,0.54911495199746707,0.5559432306992147,0.35128850447876397,0.35917760788516823,0.55253074162820315,0.56443454891172118,0.35522650269795458,0.37173985388522784,0.0714579243188534,0.06280948414741935,0.0,0.0
Santa74,1911,1489,178,1911,1487,0.56238964096527366,84.616954474097327,79.069939475453936,0.59386653308843995,0.44144688161800349,0.59071815715645193,0.59700977713995496,0.43771897596645054,0.44517918987230093,0.58984371509979261,0.59788097498998061,0.43668544332339337,0.44621550570058216,0.5938665330395172,0.58949107511351651,0.44144688162048557,0.45039020742222458,0.044242231608873174,0.0513210871951532,0.0,0.0
UMass92,8115,7287,1114,8104,7273,0.52702087533329001,64.049358341559724,57.073284751821809,0.53514457014272065,0.4187196153160489,0.53336105831878111,0.53692748337286911,0.41674807343912662,0.42069288831203699,0.53286609818292463,0.53742206508922941,0.41620135689648224,0.42124069922408297,0.5351445701419183,0.54879353393477948,0.41871961531604884,0.44287907447000419,0.05570707674832118,0.06253837477481737,0.0,0.0
Trinity100,1225,1149,239,1224,1148,0.51602023608768977,85.102941176470594,75.813588850174213,0.56847723825432472,0.48353517016338443,0.56452152514535836,0.57242713969233883,0.47917287029741751,0.48789914245264215,0.56342298110932099,0.57352200979668277,0.47796285716040143,0.48911021289277706,0.56847723824434027,0.57829346392470715,0.48353517016338921,0.48543731590720451,0.04193889333262025,0.04648936598683902,0.0,0.0
Tufts18,3238,2888,556,3232,2882,0.52862283284265621,74.899752475247524,68.315752949340734,0.57963614732563318,0.48315268734191363,0.57705047785938135,0.5822189084567907,0.48025218840235695,0.48605394276620012,0.5763325487185782,0.58293499902961865,0.4794475611025274,0.48685904831242138,0.57963614731116286,0.5854868040493969,0.48315268734191391,0.49683658183481771,0.04458813158055723,0.04388837649371219,0.0,0.0
Carnegie49,2440,3654,543,2433,3644,0.40036202073391475,88.324702013974516,65.107574094401755,0.52674341768499822,0.57134186434677048,0.52396859273567398,0.52951714241842429,0.56872348105647985,0.57395758923602846,0.52319850359089637,0.53028653602398446,0.5679965198488387,0.574682869875346,0.52674341768494604,0.5256969932234784,0.57134186431006773,0.59801413489767608,0.047291705692807946,0.06081816707437873,0.0,0.0
UGA50,13424,9407,1558,13418,9402,0.58799298860648552,98.346996571769267,85.344820251010418,0.66137221321289463,0.44310404131543402,0.66031052360336018,0.66243282171464413,0.44167592997944732,0.44453277951487247,0.66001575335164164,0.66272690851725913,0.44127979547111856,0.44492931031221827,0.66137221321289463,0.65408446508415963,0.44310404131657116,0.45114914162197134,0.0625396213299831,0.045655404067742274,0.0,0.0
BU10,11027,7328,1345,11009,7310,0.60096075113270375,62.308111545099464,63.538987688098494,0.6045484364749617,0.41597950352014124,0.60302710308433005,0.60606842241258485,0.41411741520049039,0.41784319108682283,0.60260475334418018,0.6064899203268389,0.4136010435905455,0.41836057370003438,0.6045484364749617,0.61494105111000286,0.41597950356677976,0.43176971577738127,0.055946532762912095,0.055737491982174724,0.0,0.0
Bowdoin47,1049,1004,199,1049,1001,0.51170731707317074,73.3393708293613,69.875124875124868,0.54413580648096393,0.4985917506612339,0.53950815252443696,0.54875838870821503,0.49372220096509173,0.50346147834311061,0.53822333073104711,0.55004000432732825,0.49237120569357362,0.50481258615429658,0.5441358064806805,0.55372450266369233,0.49859175066123379,0.50595522700600326,0.027749321903612397,0.044459134889384445,0.0,0.0
Berkeley13,11002,9931,2004,10983,9903,0.52585463947141631,74.702358189929896,68.053721094617799,0.57216718507756659,0.47915232306925276,0.57075981897816452,0.57357377354618411,0.47758499120613102,0.48071992841355093,0.57036919132739639,0.57396390959706212,0.47715016618373901,0.48115492632701179,0.5721671850666703,0.5780749941167177,0.47915232306925304,0.49290430833147231,0.04443173054236995,0.048235869908234384,0.0,0.0
Simmons81,1405,17,96,1400,13,0.99079971691436663,43.32714285714286,23.692307692307693,0.99498829503115827,0.012987012987012988,0.99421327274152271,0.99569118483142893,0.0025467818386988891,0.037072655836925074,0.99398508822052145,0.99587377930400067,0.0013797894087358518,0.046534772871175134,0.99498829503115827,0.99534078016298266,0.01298701298701301,0.01298701298701301,0.013554864567303171,0.0,2.1826984664130578e-13,0.4771422873762292
Oberlin44,1488,1160,272,1486,1159,0.56181474480151228,57.514131897711977,58.709232096635027,0.56572204151358441,0.45452942213861625,0.56135149861690237,0.57008578617031014,0.44961562401653216,0.45944912793772447,0.56013769726699969,0.57129528993512757,0.44825337123589987,0.4608151153317136,0.56572204151163863,0.57216577803915991,0.45452942213861708,0.46234204119349365,0.027953174153203912,0.029303259083053937,0.0,0.0
Colgate88,1695,1485,302,1695,1484,0.53318653664674431,88.728023598820059,77.276280323450138,0.60630078327592851,0.48368475208845635,0.60305259325142557,0.60954272460755865,0.47988427978732101,0.48748648213917928,0.60215026115255732,0.6104411064978752,0.47883005672737633,0.4885415003466505,0.6063007832759284,0.60693146643676787,0.48368475208845663,0.49483525251057636,0.052479174356712864,0.05057934119570261,0.0,0.0
UVA16,8425,7306,1465,8410,7287,0.53577116646492962,95.088347205707493,83.644160834362566,0.6093063213007992,0.48740391950977413,0.60790034738211074,0.6107110868194171,0.48575487722121835,0.48905314449847348,0.60751002967421663,0.61110064060697722,0.48529736497706749,0.48951077224487166,0.60930632130079931,0.61399306453523927,0.48740391950977413,0.50955415472065524,0.05829570628316388,0.05192216991941111,0.0,0.0
Rice31,1814,2010,263,1813,2006,0.47473160513223356,93.461665747380039,86.618145563310065,0.50895270469648146,0.52113308317410623,0.50582424926717617,0.51208069303105697,0.5180456297881344,0.52421946131606312,0.5049561604072591,0.51294848658177139,0.51718880873301809,0.52507560261320041,0.50895270469648146,0.51601538279622872,0.52113308317410345,0.52865590834539855,0.023349089923158414,0.027207534927350594,0.0,0.0
Wellesley22,2657,36,277,2655,36,0.98662207357859533,59.033898305084747,27.027777777777779,0.99534883720930234,0.25077081192189105,0.99489207127291235,0.99577766532531464,0.21615901809614665,0.28764235124425547,0.99476029008696998,0.99589178444474891,0.20699534024580241,0.2982297292803569,0.99534883720930223,0.99319050228465122,0.25077081192189166,0.29456300964036275,0.19426952647898535,0.2396748825873064,0.0,0.0
Bucknell39,1939,1648,239,1938,1647,0.54058577405857744,86.042827657378737,70.89071038251366,0.63627804331008508,0.48053649888229399,0.63323993223063424,0.63930892933740069,0.47677097686258041,0.48430349463610034,0.63239571140165884,0.64014858274052044,0.47572648833946524,0.48534891484189069,0.63627804331008497,0.64196648024481862,0.48053649888229405,0.4868682359751213,0.054436771483989725,0.06527545570925132,0.0,0.0
Vassar85,1693,1098,277,1692,1098,0.6064516129032258,72.204491725768321,76.748633879781423,0.5926168453793893,0.40939836240655036,0.58899258597889315,0.59623440273546491,0.40504004099114166,0.41376618858898867,0.58798583894075052,0.5972369129837336,0.40383252255588253,0.41497971553163082,0.59261684536671833,0.60004736390745705,0.40939836240990768,0.41354944245413655,0.02885434062419641,0.02513227384441933,0.0,0.0
Virginia63,8682,11235,1408,8675,11213,0.43619267900241354,74.009452449567718,55.184696334611608,0.54214743190370585,0.52494723539317312,0.54054552292342495,0.54374876051651166,0.52331184380300189,0.52658227055655726,0.54010095283620851,0.54419296370744552,0.52285802343065568,0.52703586560151539,0.54214743189968073,0.53974095009778056,0.52494723539317301,0.55124453344584279,0.07365765573680438,0.07256248676358536,0.0,0.0
Stanford3,4656,5655,1310,4647,5621,0.45257109466303075,108.85582095975899,91.070805906422351,0.52548467637831542,0.5310983006745339,0.523675994777277,0.52729291258695399,0.52930144761184816,0.53289461666583615,0.52317407830711182,0.52779454748700427,0.52880279678226283,0.53339292796854632,0.5254846763783132,0.52278208439196749,0.53109830067451569,0.54218005923122703,0.03819774026106722,0.04124054895709682,0.0,0.0
Auburn71,9077,8334,1037,9077,8328,0.52151680551565638,119.10432962432522,82.823727185398653,0.6473531833023467,0.44726830937316969,0.64616893400018427,0.64853622762791896,0.44572655792572813,0.44881073669337862,0.64584013638841165,0.64886426348396931,0.44529890179191378,0.44923882009900123,0.6473531833023467,0.62615328443028795,0.44726830937471368,0.4648773605111382,0.0939349526195481,0.05292765953514209,0.0,0.0
Hamilton46,1132,999,183,1130,997,0.53126469205453686,82.044247787610615,78.611835506519554,0.58392837881566173,0.50783403082576295,0.57975462761700203,0.58809412684930451,0.50323385152907307,0.51243332648113704,0.57859520665925424,0.58924848852597322,0.50195739365961212,0.51370922566577182,0.58392837880126036,0.58967599003133808,0.50783403082576295,0.5184939703072533,0.03628555914352671,0.04551349177582878,0.0,0.0
Penn94,18380,20435,2739,18364,20408,0.47364077169091096,69.336310172075798,60.034888279106234,0.51988546225060717,0.50103657222704678,0.51874493658333931,0.52102584984863731,0.49987302267542921,0.50220011429913258,0.51842845958742234,0.52134223955930303,0.49955018062454914,0.50252295162014105,0.51988546225059173,0.53044098211084911,0.50103657222704701,0.52411870565105767,0.06423296020283877,0.06923727961828215,0.0,0.0
Bingham82,4624,4692,688,4621,4685,0.49656135826348591,73.532135901320061,66.399146211312697,0.52922376041813812,0.48577214864343582,0.5270177366995723,0.53142902379288559,0.48346415405859083,0.48808054757446251,0.52640552054152145,0.53204075927449923,0.48282385254724919,0.48872110471265834,0.52922376041809727,0.53855666641765854,0.48577214864343571,0.50397205991504535,0.05412694024339892,0.05298483239267405,0.0,0.0
Temple83,7280,5493,913,7259,5469,0.57031741043368955,51.113376498140241,51.685500091424394,0.53870286120873667,0.39449813915972093,0.53659438128422521,0.54081041894596937,0.39213192642485717,0.39686765155927251,0.53600920014427922,0.54139501709783522,0.39147598631866792,0.39752567761880797,0.53870286120821698,0.55279990831458559,0.39449813915972087,0.43075285890537257,0.06331510288182653,0.08156280711969328,0.0,0.0
Emory27,3906,3010,544,3901,3001,0.56519849319037962,90.774160471673923,80.414528490503159,0.6321877382734179,0.46028575690772572,0.63009880119583572,0.63427337515405247,0.45767306225099375,0.46289990645983631,0.62951862096719891,0.63485146909228307,0.45694840866974912,0.46362547979465046,0.63218773827341779,0.63597074929320319,0.46028575690782675,0.47655015587431132,0.05239462329536017,0.05604640887883231,0.0,0.0
Harvard1,6004,7063,2059,5993,7014,0.46075190282155765,111.58401468379776,99.362845737097231,0.51934508010043023,0.53879939334023019,0.5177711955626394,0.52091870888998248,0.53726106470195067,0.54033722979860732,0.51733445858563998,0.52135528418618493,0.53683415106009769,0.54076383229422054,0.51934508010042923,0.51840430933254644,0.53879939334020133,0.54952155055416818,0.03825896730175952,0.03965739515686401,0.0,0.0
Swarthmore42,772,749,138,770,747,0.50758075148319048,71.433766233766235,70.208835341365457,0.54425132717620539,0.52202265187049535,0.5387779972167952,0.54971754491961766,0.51640261740187654,0.52763897416301075,0.53725822234572884,0.55123282374701443,0.51484275073720032,0.52919649406430902,0.54425132717602354,0.55105225342170427,0.52202265187048624,0.52955626066817063,0.023286846852001844,0.030837575721882688,0.0,0.0
Wisconsin87,12148,10018,1676,12137,10009,0.54804479364219272,69.391777210183733,66.907782995304231,0.57774564003191609,0.46896129494684025,0.57635891683878904,0.5791315471206544,0.46739072499903067,0.47053227465022152,0.57597400991677306,0.57951593812093827,0.46695502573240627,0.47096823295686352,0.57774564000731587,0.58345887375811201,0.46896129494689404,0.48020496191466583,0.05289092312100384,0.0567783422246554,0.0,0.0
USC35,8062,8030,1352,8057,8022,0.501088376142795,98.551321831947376,81.679132385938672,0.58682565350340288,0.49930253498771421,0.58540179459417285,0.58824854569177853,0.4977114719292241,0.50089360745633749,0.58500655737118179,0.58864317177724257,0.4972700156584095,0.50133506967979313,0.58682565350340288,0.58042669049082052,0.49930253498771421,0.51823354808194777,0.06325585589285974,0.060136761238894144,0.0,0.0
WashU32,3703,3498,554,3692,3486,0.51434940094733905,98.276002166847235,87.021514629948371,0.58740198712913583,0.50650553638122742,0.58529572982187172,0.58950611482954152,0.50416729928603354,0.50884358388735151,0.58471095141314511,0.59008954695725957,0.50351850161597111,0.50949226169295647,0.58740198709349767,0.58067386090495665,0.50650553638122731,0.51475629727045391,0.04266135287732392,0.04134745068819577,0.0,0.0
Northwestern25,5011,4679,877,4996,4662,0.51729136467177472,96.716373098478783,82.748391248391243,0.60248967808027809,0.50210356867898998,0.60067529952821985,0.60430218144100611,0.50002999004324022,0.50417709910845432,0.60017154905374648,0.60480474646836757,0.49945464725639771,0.50475241141225657,0.6024896780802782,0.59895086037911716,0.50210356867898998,0.51664978544199702,0.05730128090175217,0.059326410952261016,0.0,0.0
Georgetown15,4477,4017,920,4459,4006,0.52675723567631427,85.969275622336852,85.697703444832754,0.53439662751051942,0.48010369787798024,0.5323210079696995,0.53647145377847183,0.47790760778372388,0.48230030033679744,0.5317449668702976,0.53704699338584638,0.47729837342831388,0.48290985860363461,0.53439662751049422,0.54262847100218248,0.48010369787798024,0.49431980751405458,0.036951479793737745,0.04155868144705731,0.0,0.0
JMU79,8460,4843,767,8459,4840,0.63606286186931349,67.926705284312561,66.747107438016528,0.63683100356426825,0.35406245356842159,0.6351957608210963,0.6384641410123193,0.3518971892474258,0.35623171159182276,0.63474167186543695,0.63891689905640781,0.35129712566778853,0.35683429987230481,0.63683100356426803,0.64519444792295733,0.35406245356842159,0.37735727199089752,0.06763465362947249,0.05605504316192203,0.0,0.0
Maryland58,9661,9828,1382,9645,9800,0.49601439958858318,75.604354587869366,64.555306122448982,0.56137651466530625,0.49442812838856731,0.55987933961620306,0.56287294559606915,0.49280904384639096,0.49604729079342591,0.55946379969696336,0.563288015100743,0.49235982497150521,0.49649655889501731,0.56137651465728511,0.56593636567605932,0.49442812838856731,0.51844452364916471,0.05765834503146735,0.06476727042062828,0.0,0.0
Lehigh96,2067,2673,335,2065,2671,0.43602195945945948,91.664891041162221,64.052414825907903,0.55827099446346318,0.5112693179958383,0.55532960034542145,0.56120966704440811,0.50815610764299923,0.51438194601621989,0.5545130104137268,0.56202453649401063,0.50729222794326378,0.51524545755804341,0.5582709944571409,0.56402686481126174,0.51126931799583819,0.5439979535511954,0.0667506614122569,0.07672408160973233,0.0,0.0
Duke14,4371,4675,849,4359,4664,0.48309874764490746,108.32622161046112,92.794168096054889,0.57026984671554481,0.53114660160076899,0.56841355003165106,0.57212482776102791,0.52919238701568638,0.53310017994845615,0.56789826830384227,0.57263927777424861,0.52865005794337261,0.53364210680286905,0.57026984671132763,0.56939725023425913,0.53114660160074001,0.54915239561237006,0.0459203206468182,0.05786633270849455,0.0,0.0
William77,3309,2650,513,3307,2646,0.55551822610448509,80.546416691865744,76.702569916855637,0.61828980316630811,0.49902687787933281,0.61586325650928853,0.62071242379977809,0.49616810522262333,0.50188569292234531,0.61518929539826384,0.62138390299535751,0.4953749278507581,0.50267889709773828,0.61828980316630811,0.63024045984995625,0.49902687787933292,0.52492167251969535,0.06184095646999592,0.05874325477326794,0.0,0.0
Brandeis99,2003,1537,358,1998,1532,0.56600566572237965,68.13613613613613,69.211488250652735,0.57064993829699717,0.44875132035611892,0.56719210363452821,0.57410318497776036,0.44481914746132301,0.45268776619017448,0.56623190268736845,0.57506048555032541,0.44372892243154366,0.45378069243793318,0.5706499382933109,0.57948085023177442,0.44875132035622872,0.46148247860662178,0.03146767267711312,0.04441016997648428,0.0,0.0
Cal65,4947,5671,629,4945,5665,0.46606974552309144,68.064914054600607,55.76010591350397,0.52657161277671649,0.49554737385281167,0.52435446633796523,0.52878806127993427,0.49325601017768894,0.49783886214443651,0.52373917522822944,0.52940291116572691,0.49262027327391011,0.49847467783834487,0.52657161277654219,0.5340888368022968,0.49554737385281172,0.51274074679622239,0.061028999259370574,0.0660225589500969,0.0,0.0
Maine59,4641,3804,624,4636,3796,0.54981024667931688,51.61151855047455,52.896469968387777,0.54149479042591864,0.45363679374486421,0.53887017790288205,0.5441178697819089,0.4507760628479297,0.45649956593680407,0.53814168778383864,0.54484539066658388,0.44998269697629029,0.4572942222657736,0.54149479042520665,0.557847360373532,0.45363679374660881,0.46484158432061279,0.05635916437754403,0.05657451753815636,0.0,0.0
Williams40,1323,1211,256,1323,1209,0.52251184834123221,76.879062736205597,78.998345740281223,0.54993068596317007,0.52070485503983921,0.54591042508399612,0.55394660693731634,0.51654014593964037,0.52486764764704086,0.54479423459845622,0.55506005387207868,0.51538431165053833,0.5260222703502726,0.54993068596296257,0.55317852099646747,0.52070485503983344,0.5297655146023702,0.026530123925607618,0.02641276710262197,0.0,0.0
Dartmouth6,3126,3528,1040,3114,3507,0.47032170367014048,80.555555555555557,72.774451097804388,0.54754634243571854,0.5552934722984092,0.54498571266123763,0.55010529653755802,0.55275881595347609,0.55782621330544246,0.54427494909968122,0.550815000778065,0.55205521618584441,0.55852860224394707,0.54754634243524924,0.55049122224348246,0.55529347229255055,0.57019629268300598,0.05508430125659696,0.06682974554923803,0.0,0.0
Cornell5,8135,8687,1838,8120,8655,0.48405365126676603,88.362931034482756,75.463084922010395,0.56671502856418121,0.52400965806351851,0.56520776001399398,0.56822147508689158,0.52241771249169699,0.52560127864323425,0.56478940577010561,0.5686393096641984,0.52197595208163294,0.52604283359831239,0.56671502855281297,0.56386811739523568,0.52400965806350164,0.54551166497640868,0.05950548299262787,0.05620876716101028,0.0,0.0
UNC28,9695,7129,1339,9693,7121,0.5764838824788866,81.959971113174461,80.998174413705939,0.6045330157922959,0.45530420189046927,0.60311940435704814,0.6059454639529539,0.45361552139365674,0.45699356746350717,0.60272697555256238,0.60633715736415339,0.4531471004406698,0.45746242150721095,0.6045330157922959,0.60997599883800335,0.45530420189061116,0.47072580952737214,0.05730943911538795,0.051465328196795765,0.0,0.0
UChicago30,2875,3043,673,2861,3023,0.4862338545207342,63.987416987067462,59.141250413496529,0.52855769440863509,0.51726105244317166,0.52555184613494144,0.53156216358392983,0.51421651951676539,0.52030473183229253,0.52471761180103982,0.53239552607558938,0.5133716456208941,0.52114906612590595,0.52855769440861478,0.53142917848346205,0.51726105244316789,0.52298420505993259,0.035287008152140885,0.03804503370642775,0.0,0.0
MIT8,2373,3450,617,2360,3429,0.40766971843150801,92.219915254237293,69.99562554680665,0.54135517990801274,0.58411349290669334,0.53860312312528602,0.54410555680882811,0.58152056458687973,0.58670332299989802,0.53783924816217943,0.54486836978823217,0.58080058786161559,0.58742134111463162,0.54135517990650095,0.54260665933319496,0.584113492866143,0.59741579745282003,0.07017181097195581,0.055659917967482764,0.0,0.0
Pepperdine86,1886,1392,167,1884,1388,0.57579462102689483,90.277600849256899,82.669308357348697,0.62103796381766552,0.43827617761122489,0.61800484031045022,0.62406479596495579,0.4345056203422093,0.44205149042939818,0.61716216856472372,0.62490349052608529,0.43346031758147785,0.44309979949221234,0.62103796381766552,0.62639487695827256,0.43827617761190968,0.45436236637177746,0.04832340514881752,0.04701289927029849,0.0,0.0
GWU54,6331,4916,946,6317,4901,0.56311285434123726,73.725027703023585,77.728014690879419,0.56270599779696429,0.465390016931578,0.56083308221828054,0.56457772303493781,0.46330875218363499,0.46747208488483921,0.56031321170256787,0.56509684104554414,0.46273142796628602,0.46804991687325537,0.56270599777941799,0.56773605937786853,0.46539001693161536,0.47469026598930991,0.0558616822941066,0.056760365281388406,0.0,0.0
UCSD34,7506,6381,1061,7503,6363,0.54110774556469066,60.382513661202189,56.799308502278798,0.56976934113232525,0.46068497623224336,0.56787395078822922,0.57166337001155454,0.45854977848758077,0.46282113567979954,0.56734781422648717,0.57218864588853624,0.45795751857034461,0.46341400356590062,0.56976934110725275,0.57973561455707268,0.46068497623230742,0.47343673063621333,0.050287195841703526,0.047226625453326655,0.0,0.0
Reed98,504,361,97,502,358,0.58372093023255811,36.450199203187253,37.983240223463689,0.58301453710788065,0.43888807177526101,0.57360640862540191,0.59238256134880074,0.42794747762577845,0.4498683918836679,0.57098957083473478,0.59497405024462702,0.42491998452861457,0.45292099365045474,0.58301453709945972,0.58586115653900639,0.43888807177555611,0.43750440332570112,0.017546009316529526,0.02652482319968305,1.9197976541818207e-12,0.0
Mississippi66,5225,4613,683,5222,4611,0.53106884979151836,122.93910379165071,97.13641292561266,0.63577823884558582,0.47794577312590425,0.63423031103965377,0.63732429686714809,0.47602345688993247,0.47986852467553054,0.63380048994234961,0.63775293593582383,0.47549016817135231,0.48040208859363631,0.63577823884558593,0.62140875114792393,0.47794577312596309,0.48627585035891718,0.06688586024851077,0.06304581543116959,0.0,0.0
Wake73,2545,2435,392,2540,2434,0.51065540812223564,110.5748031496063,87.725554642563679,0.62461724702698851,0.50623817463142318,0.62226178790908038,0.62696878354132324,0.50345111226397188,0.50902497871755326,0.62160755059156936,0.62762054110505672,0.50267777714156725,0.5097981505427599,0.62461724702698851,0.6194435424272986,0.50623817463142318,0.52561358858843876,0.07235921010972357,0.04646714430941013,0.0,0.0
NYU9,11920,8106,1653,11886,8069,0.59564019042846406,62.386420999495208,69.009666625356303,0.56977714844408489,0.4270857465084163,0.56829574130530813,0.57125772367303562,0.42537885433514816,0.42879379631531095,0.56788456075675187,0.57166837830774497,0.42490546432547888,0.4292679181529766,0.56977714843487692,0.58235462504993396,0.42708574651959341,0.43985253997913554,0.042550551001949384,0.05051641460001646,0.0,0.0
Villanova62,3724,3336,712,3711,3325,0.52743035815804429,86.478307733764481,69.33984962406015,0.62403519869375956,0.47667584741168051,0.621831101490531,0.626235878987774,0.47399698034211035,0.47935560885044892,0.62121894918639808,0.62684587122018942,0.47325386798820174,0.48009928661295803,0.62403519869375956,0.62142156930760228,0.47667584741170388,0.4973714544589537,0.0705645258298504,0.06498103595303616,0.0,0.0
UCSC68,4714,3708,569,4708,3705,0.55961012718411984,50.10280373831776,47.685829959514173,0.56002102728459746,0.41257443003011163,0.55738731426409227,0.56265249077994839,0.4095597801920049,0.41559345453814939,0.55665617231616582,0.56338221063636829,0.40872412505193195,0.41643187520795338,0.56002102728177372,0.56746129534069667,0.41257443004134625,0.42172231805574367,0.037581596044016986,0.040885445019314244,0.0,0.0
UCSB37,7931,6031,973,7917,6021,0.56801549720189415,66.271062271062277,60.568344128882245,0.58861603909519922,0.408141888001053,0.58686539275346328,0.59036519224411188,0.40604661004143827,0.41023939280793947,0.58637939280283902,0.59085024823580579,0.40546565056144496,0.41082176004151966,0.58861603909519922,0.59249536905558742,0.40814188800105294,0.4250514060532764,0.05554835594375343,0.06270032755715574,0.0,0.0
Johns Hopkins55,2153,2609,418,2141,2591,0.45245139475908708,80.728631480616528,63.834812813585486,0.55851654709557974,0.53864664199859735,0.55543848582489042,0.56159161528257762,0.53548828576167518,0.54180293251814193,0.55458393068932432,0.56244427827387156,0.53461161793416312,0.54267829444635307,0.55851654708997056,0.54944686258855635,0.53864664199818979,0.55625770677187891,0.057986454753918136,0.05501541344591941,0.0,0.0
FSU53,15153,11155,1429,15143,11150,0.57593275776822728,75.183451099517924,69.778923766816149,0.6099992709724964,0.42930973542321355,0.60882138231110872,0.6111763054628887,0.42786468995477739,0.43075558413919873,0.60849441167898033,0.61150273610899231,0.42746388824388482,0.43115689364428167,0.60999927097249629,0.60253545678698139,0.42930973544592888,0.43709943313625965,0.0736459488126736,0.06298169516078378,0.0,0.0
Texas80,15706,13786,2068,15689,13779,0.53240803583548257,81.941806361144756,67.344872632266487,0.62039305063453598,0.47408844274175738,0.61929016692673367,0.62149510641943351,0.47275338183499216,0.47542375051395547,0.61898401181335394,0.62180073814025716,0.47238299750771279,0.4757942909053523,0.62039305063453609,0.60767361640179351,0.47408844274177236,0.48655637795414747,0.07120184923336204,0.052305643758948785,0.0,0.0
Northeastern19,6754,6191,937,6746,6182,0.52181311881188119,55.904239549362586,51.038175347783891,0.54170710365126085,0.45221508757028123,0.53961672460686338,0.54379650499380938,0.44993341725334757,0.45449809680412506,0.5390365557613791,0.54437605575673964,0.44930058529940742,0.45513177519102022,0.54170710364842434,0.55843740850597878,0.45221508757070861,0.47773668860979107,0.0729172615619774,0.07090764427058317,0.0,0.0
MU78,8058,6440,938,8053,6431,0.55599281966307645,87.609710666832243,74.515471932825378,0.644522275027958,0.47664380259970074,0.64305350392493621,0.64598923515277851,0.47478557712540026,0.47850245896261295,0.64264565587205302,0.64639593835264608,0.47427006988445697,0.47901823860517051,0.644522275027958,0.64034096456852829,0.47664380259970501,0.4843119871173524,0.07879524627925134,0.06690017706161534,0.0,0.0
Notre Dame57,6062,5205,888,6059,5200,0.53814725996980195,86.917478131704897,85.599807692307692,0.60296639215544801,0.53025820061601503,0.60122883951016137,0.60470221627640641,0.52833103773131818,0.53218476252797753,0.60074643078642609,0.60518353227164434,0.52779622050967856,0.53271919982521321,0.60296639215544789,0.62709471528202365,0.53025820061597606,0.55055197635908359,0.08411635046348304,0.06266267882760874,0.0,0.0
Rochester38,2059,2226,278,2058,2223,0.48072880168185006,74.005830903790084,64.286999550157446,0.55260531568442062,0.52319641732558952,0.54932200737306547,0.55588557046701581,0.51979253584136897,0.52659886384531229,0.54841049807405562,0.55679514940970765,0.51884786199885402,0.5275426305221026,0.55260531568039206,0.55891691399956733,0.52319641732558264,0.53761502204001055,0.056982853856020324,0.051056632756722946,0.0,0.0
MSU24,16787,13471,2117,16775,13456,0.5548939829975853,68.852816691505211,65.594233055885852,0.56952604575214338,0.43668737735601082,0.56833904240208466,0.57071251692934966,0.43532786162618908,0.43804752724426405,0.56800959987101673,0.57104162303306361,0.43495076083588063,0.43842502893500057,0.56952604573307886,0.58000976854186992,0.43668737736849944,0.45836852430571418,0.0591696241387196,0.05841323287497745,0.0,0.0
Rutgers89,11961,10909,1710,11952,10897,0.5230863495120136,64.007028112449802,61.175552904469122,0.54873387606991775,0.48213551745345989,0.54726811657529095,0.55019907237880972,0.48055923672948692,0.48371203509317157,0.54686132520900077,0.55060550771129046,0.48012192229324419,0.48414949930482554,0.54873387605638857,0.5622501218750916,0.48213551745346894,0.49585297208940293,0.07055443836191141,0.0630752185054881,0.0,0.0
UIllinois20,14002,14840,1967,13996,14825,0.48561812567225288,90.260217204915691,71.838246205733554,0.59414920817363026,0.51858869748601411,0.59302350356410249,0.59527425390407906,0.51734149282507591,0.51983574783926645,0.59271104651665008,0.59558629442392619,0.51699541384099745,0.5201817292721822,0.59414920817363026,0.58790590434409817,0.51858869748601399,0.54246239230861204,0.06921092825391814,0.06722689428902719,0.0,0.0
UC61,6502,6098,1146,6495,6089,0.51613159567705025,64.851732101616633,60.922318935785846,0.53293828285993738,0.4696621701765169,0.53095782132472191,0.53491805306114248,0.46755184855497062,0.47177321481663853,0.53040820017475687,0.53546723716254663,0.46696644820554306,0.47235907224572971,0.53293828285963296,0.54219437530719483,0.46966217017656947,0.48145093469685574,0.04660543608546518,0.03930509826048157,0.0,0.0
Baylor93,7058,4980,765,7053,4979,0.58618683510638303,106.21990642279881,97.470375577425187,0.64450077352373092,0.45121315461410866,0.64307543776524745,0.64592440406836515,0.44937367048841614,0.4530535274825388,0.64267965993395137,0.64631910390783076,0.44886344438901754,0.45356431542558151,0.64450077352373092,0.64994096347606711,0.45121315461468581,0.46453890121789848,0.075788757964627,0.052412170737062606,0.0,0.0
Brown11,3970,3701,929,3959,3695,0.51724588450483411,85.918666329881276,82.27063599458728,0.54144617700322206,0.48689759531563537,0.53924498693948064,0.54364628986127883,0.48456268357027571,0.48923288810719123,0.5386340557313426,0.54425654008272528,0.48391490975800833,0.48988090281710678,0.54144617700303432,0.54907383888516947,0.48689759531563603,0.49724880412332539,0.03420809092639973,0.03931589152296815,0.0,0.0
